{"cameraMode":{"drawMode":0,"name":"Shaded","section":"Shading Mode"},"sceneLighting":false,"audioPlay":false,"sceneViewState":{"m_AlwaysRefresh":false,"showFog":true,"showSkybox":false,"showFlares":true,"showImageEffects":true,"showParticleSystems":true,"showVisualEffectGraphs":true,"m_FxEnabled":true},"in2DMode":false,"pivot":{"x":18.396011352539064,"y":25.59641456604004,"z":-33.12729263305664},"rotation":{"x":0.13352100551128388,"y":0.30785632133483889,"z":-0.04388655722141266,"w":0.9410795569419861},"size":1.4282593727111817,"orthographic":false}