{"cameraMode":{"drawMode":0,"name":"Shaded","section":"Shading Mode"},"sceneLighting":false,"audioPlay":false,"sceneViewState":{"m_AlwaysRefresh":false,"showFog":true,"showSkybox":false,"showFlares":true,"showImageEffects":true,"showParticleSystems":true,"showVisualEffectGraphs":true,"m_FxEnabled":true},"in2DMode":false,"pivot":{"x":0.02590155601501465,"y":1.087099552154541,"z":0.9403636455535889},"rotation":{"x":-0.13067853450775147,"y":0.7676723003387451,"z":-0.6050739884376526,"w":-0.16579405963420869},"size":3.0143449306488039,"orthographic":false}