{"cameraMode":{"drawMode":0,"name":"Shaded","section":"Shading Mode"},"sceneLighting":false,"audioPlay":false,"sceneViewState":{"m_AlwaysRefresh":false,"showFog":true,"showSkybox":false,"showFlares":true,"showImageEffects":true,"showParticleSystems":true,"showVisualEffectGraphs":true,"m_FxEnabled":true},"in2DMode":false,"pivot":{"x":0.025201663374900819,"y":0.08551380038261414,"z":-0.002877965569496155},"rotation":{"x":-0.1177007257938385,"y":-0.7595511674880981,"z":-0.1434057354927063,"w":0.6234428882598877},"size":0.28065258264541628,"orthographic":true}